Sample_ID,Plot_Name,District,Province,Crop_Type,Latitude,Longitude,Total_N_Kjeldahl_g_kg,Available_P_BrayII_mg_kg,Reflectance_405nm,Reflectance_465nm,Reflectance_525nm,Reflectance_630nm,Reflectance_850nm,Reflectance_940nm,Soil_pH,Soil_Moisture_pct
JB-01,สวนผลไม้บ้านหนองอ้อ แปลง 1,มะขาม,จันทบุรี,ทุเรียนหมอนทอง,12.671420,102.193240,1.42,8.60,0.142,0.215,0.274,0.392,0.485,0.512,5.2,18.4
JB-02,สวนผลไม้บ้านหนองอ้อ แปลง 2,มะขาม,จันทบุรี,ทุเรียนหมอนทอง,12.673810,102.195120,1.58,11.20,0.138,0.208,0.268,0.405,0.498,0.528,5.4,19.1
JB-03,สวนมังคุดบ้านหนองอ้อ,มะขาม,จันทบุรี,มังคุด,12.668950,102.191050,1.25,6.40,0.155,0.228,0.285,0.372,0.462,0.495,4.9,21.0
JB-04,สวนเงาะบ้านหนองอ้อ,มะขาม,จันทบุรี,เงาะโรงเรียน,12.675120,102.198450,1.10,14.80,0.162,0.235,0.292,0.365,0.450,0.535,5.6,17.5
JB-05,สวนทุเรียนแปลงใหญ่หนองตาลิ่น 1,ท่าใหม่,จันทบุรี,ทุเรียนชะนี,12.612845,102.045620,1.85,24.50,0.128,0.195,0.252,0.428,0.525,0.562,5.8,16.2
JB-06,สวนทุเรียนแปลงใหญ่หนองตาลิ่น 2,ท่าใหม่,จันทบุรี,ทุเรียนหมอนทอง,12.614520,102.047810,1.92,32.00,0.122,0.188,0.245,0.438,0.540,0.580,6.1,15.8
JB-07,สวนมังคุดหนองตาลิ่น,ท่าใหม่,จันทบุรี,มังคุด,12.610230,102.043150,1.35,9.80,0.148,0.220,0.278,0.385,0.475,0.518,5.1,20.5
JB-08,สวนลองกองหนองตาลิ่น,ท่าใหม่,จันทบุรี,ลองกอง,12.616250,102.049500,1.18,7.50,0.158,0.230,0.288,0.370,0.458,0.505,4.8,22.1
JB-09,แปลงเกษตรอินทรีย์ท่าใหม่,ท่าใหม่,จันทบุรี,พืชผสมผสาน,12.618900,102.052100,1.65,18.40,0.135,0.202,0.260,0.412,0.510,0.545,6.0,19.8
JB-10,สวนผลไม้เขาสระบาป,เมือง,จันทบุรี,ทุเรียนหมอนทอง,12.585210,102.164520,1.72,21.80,0.130,0.198,0.256,0.420,0.518,0.552,5.5,17.9
TR-01,สวนทุเรียนบ้านตาละวาย แปลง 1,เขาสมิง,ตราด,ทุเรียนหมอนทอง,12.352410,102.435620,1.30,5.80,0.152,0.224,0.282,0.380,0.468,0.490,4.7,23.5
TR-02,สวนทุเรียนบ้านตาละวาย แปลง 2,เขาสมิง,ตราด,ทุเรียนกระดุม,12.354890,102.438100,1.45,8.20,0.145,0.218,0.276,0.395,0.488,0.510,5.0,21.8
TR-03,สวนมังคุดบ้านตาละวาย,เขาสมิง,ตราด,มังคุด,12.350120,102.432500,1.22,4.90,0.160,0.232,0.290,0.375,0.455,0.482,4.6,24.2
TR-04,สวนสับปะรดตราดสีทอง,เขาสมิง,ตราด,สับปะรด,12.357500,102.441200,0.95,12.50,0.170,0.245,0.305,0.352,0.435,0.528,5.3,16.0
TR-05,แปลงเกษตรธรรมชาติประณีต,เขาสมิง,ตราด,ทุเรียนอินทรีย์,12.359200,102.443500,1.60,16.20,0.136,0.205,0.262,0.410,0.505,0.540,5.7,20.2
